{
  "layer_attention_sums": {
    "layer_0": {
      "sum_attention": {
        "mean_value": 0.2926829159259796,
        "max_value": 3.3463284969329834,
        "std_value": 0.346478670835495,
        "description": "所有12个头的注意力权重求和"
      },
      "mean_attention": {
        "mean_value": 0.024390241131186485,
        "max_value": 0.2788607180118561,
        "std_value": 0.028873223811388016,
        "description": "求和权值除以头数(12)"
      }
    },
    "layer_1": {
      "sum_attention": {
        "mean_value": 0.292682945728302,
        "max_value": 6.03096866607666,
        "std_value": 0.6300960779190063,
        "description": "所有12个头的注意力权重求和"
      },
      "mean_attention": {
        "mean_value": 0.024390242993831635,
        "max_value": 0.5025807023048401,
        "std_value": 0.05250800773501396,
        "description": "求和权值除以头数(12)"
      }
    },
    "layer_2": {
      "sum_attention": {
        "mean_value": 0.2926829159259796,
        "max_value": 7.386120796203613,
        "std_value": 0.6703471541404724,
        "description": "所有12个头的注意力权重求和"
      },
      "mean_attention": {
        "mean_value": 0.024390242993831635,
        "max_value": 0.6155100464820862,
        "std_value": 0.05586226284503937,
        "description": "求和权值除以头数(12)"
      }
    },
    "layer_3": {
      "sum_attention": {
        "mean_value": 0.2926829159259796,
        "max_value": 4.660798072814941,
        "std_value": 0.4978261888027191,
        "description": "所有12个头的注意力权重求和"
      },
      "mean_attention": {
        "mean_value": 0.024390242993831635,
        "max_value": 0.3883998394012451,
        "std_value": 0.041485514491796494,
        "description": "求和权值除以头数(12)"
      }
    },
    "layer_4": {
      "sum_attention": {
        "mean_value": 0.292682945728302,
        "max_value": 5.849291801452637,
        "std_value": 0.6697247624397278,
        "description": "所有12个头的注意力权重求和"
      },
      "mean_attention": {
        "mean_value": 0.024390242993831635,
        "max_value": 0.48744097352027893,
        "std_value": 0.05581039562821388,
        "description": "求和权值除以头数(12)"
      }
    },
    "layer_5": {
      "sum_attention": {
        "mean_value": 0.2926829159259796,
        "max_value": 5.821648597717285,
        "std_value": 0.7851572036743164,
        "description": "所有12个头的注意力权重求和"
      },
      "mean_attention": {
        "mean_value": 0.024390242993831635,
        "max_value": 0.48513737320899963,
        "std_value": 0.06542976945638657,
        "description": "求和权值除以头数(12)"
      }
    },
    "layer_6": {
      "sum_attention": {
        "mean_value": 0.2926829159259796,
        "max_value": 5.643675327301025,
        "std_value": 0.7840908765792847,
        "description": "所有12个头的注意力权重求和"
      },
      "mean_attention": {
        "mean_value": 0.024390242993831635,
        "max_value": 0.47030627727508545,
        "std_value": 0.06534090638160706,
        "description": "求和权值除以头数(12)"
      }
    },
    "layer_7": {
      "sum_attention": {
        "mean_value": 0.2926829159259796,
        "max_value": 5.724417209625244,
        "std_value": 0.7980934381484985,
        "description": "所有12个头的注意力权重求和"
      },
      "mean_attention": {
        "mean_value": 0.024390242993831635,
        "max_value": 0.4770347774028778,
        "std_value": 0.06650778651237488,
        "description": "求和权值除以头数(12)"
      }
    },
    "layer_8": {
      "sum_attention": {
        "mean_value": 0.2926829159259796,
        "max_value": 6.2342987060546875,
        "std_value": 0.8207396268844604,
        "description": "所有12个头的注意力权重求和"
      },
      "mean_attention": {
        "mean_value": 0.024390242993831635,
        "max_value": 0.519524872303009,
        "std_value": 0.0683949664235115,
        "description": "求和权值除以头数(12)"
      }
    },
    "layer_9": {
      "sum_attention": {
        "mean_value": 0.2926829159259796,
        "max_value": 5.852692127227783,
        "std_value": 0.6834279298782349,
        "description": "所有12个头的注意力权重求和"
      },
      "mean_attention": {
        "mean_value": 0.024390246719121933,
        "max_value": 0.48772433400154114,
        "std_value": 0.056952327489852905,
        "description": "求和权值除以头数(12)"
      }
    },
    "layer_10": {
      "sum_attention": {
        "mean_value": 0.2926829159259796,
        "max_value": 3.3675379753112793,
        "std_value": 0.6417588591575623,
        "description": "所有12个头的注意力权重求和"
      },
      "mean_attention": {
        "mean_value": 0.024390242993831635,
        "max_value": 0.28062817454338074,
        "std_value": 0.05347990244626999,
        "description": "求和权值除以头数(12)"
      }
    },
    "layer_11": {
      "sum_attention": {
        "mean_value": 0.292682945728302,
        "max_value": 3.699695110321045,
        "std_value": 0.6789202094078064,
        "description": "所有12个头的注意力权重求和"
      },
      "mean_attention": {
        "mean_value": 0.024390242993831635,
        "max_value": 0.3083079159259796,
        "std_value": 0.0565766841173172,
        "description": "求和权值除以头数(12)"
      }
    }
  }
}